Model,Average Dot Product
GPT,36.047821044921875
Sarvam,35.173221588134766
Gemini,35.60778045654297
