Model,Average Similarity,Rank
GPT,0.4702953100204468,2.0
Sarvam,0.4317108988761902,3.0
Gemini,0.5521013140678406,1.0
